Company Name,Decision Maker Name,Job Title,Phone Number,Email Address,Website,Office Address,City/State,Property Type Managed,Service Opportunity,Lead Priority,Notes
GSJ Property Management,,,,info@rentgsj.com,rentgsj.com,,Chester County, PA,Residential/Rentals,Turnovers, maintenance,Medium,Serving Chester County, PA area
Tesla Property Management,,,,1-844-837-5274,info@goteslapm.com,goteslapm.com,941 N Providence Rd,Media, PA,Residential/Commercial,Turnovers, handyman, maintenance,Medium,
Greenview Property Management,,,,(610) 440-3030,[email protected],greenviewrentals.com,PO Box 333,Media, PA,Residential/Rentals,Turnovers, maintenance,Low,
Premier Property Management,,,,(610) 924-7284,admin@premierpropertymgmt.com,premierpropertymgmt.com,1614 MacDade Blvd, Suite E, Folsom, PA,Delaware County, PA,Residential/Commercial,Turnovers, handyman, maintenance,High,
VRA Property Management,,,,610-609-2622,info@vrapropertymanagement.com,vrapropertymanagement.com,1244 West Chester Pike, Suite 409,West Chester, PA,Residential/Commercial,Turnovers, maintenance, handyman,Medium,
Bagelman Realty & Management,Steven Bagelman,Owner,484-880-4300,Info@BagelmanRealty.com,bagelmanrealty.com,,West Chester, PA,Student Rentals,Maintenance, handyman,Medium,Co-owners, includes student rentals
PGM Real Estate, LLC,,,,,,139 W Market St, 2F,West Chester, PA,Residential/Commercial,Turnovers, handyman, maintenance,Medium,Info from property management listing
West Chester Property Management Co.,Steven Bagelman,Owner,484-880-4301,,wcstudentrentals.com,20 W. Chestnut St., Suite 1,West Chester, PA,Student Rentals,Maintenance,Medium,Co-owners, Steven and Adam Bagelman
Otter Property Management,Kev.AI,Ops Manager,215-860-3600,,ottermanagement.com,1728 Ridge Ave,Philadelphia, PA,Residential/Commercial,Turnovers, handyman, maintenance,Medium,Uses AI interface for operations
Del Val Realty & Property Management,,,,484-328-3282,,delvalproperty.com,49 E. Lancaster Avenue, Suite 300,Malvern, PA,Residential/Commercial,Turnovers, handyman, maintenance,High,Full service across multiple properties
Maoin Management,,,,215-839-3314,info@maoin.co,maoin.co,462 E Germantown Pike,Lafayette Hill, PA,Boutique/Residential,Turnovers, handyman, vendor coordination,Medium,Offers vendor services
Onyx Capital Management,,,,(215) 953-1414,services@onyxcapitalmgt.com,onyxcapitalmgt.com,148 East Street Road, Suite 290,Feasterville-Trevose, PA,HOA/Residential,Turnovers, handyman, maintenance,Medium,HOA/Association management
Sharpline Inc.,,,610-550-3248,info@sharplinepm.com,sharplineinc.com,3502 Scotts Lane, Ste 1617,Philadelphia, PA,Residential/Commercial,Maintenance, handyman, vendor coordination,Medium,Full-service contractor
Penn Brothers Maintenance,,,,872-710-1575,admin@thepennbrothers.com,thepennbrothers.com,1229 Chestnut St, Unit #316,Philadelphia, PA,Full-service/Residential,Turnover, lawn care, handyman, maintenance,High,Offers comprehensive services
Smart Facility Solutions,,,,(844) 307-6626,info@smartfs.net,smartfs.net,1601 Market Street,Philadelphia, PA,Multi-site/Commercial,Repair, maintenance, lawn care,High,Seeks vendor partnerships